temp,time_point,rep,clone,infect
15,1,1,12,0
15,1,1,11,0
15,1,1,10,0
15,1,1,9,0
15,1,1,8,0
15,1,1,7,0
15,1,1,6,0
15,1,1,5,0
15,1,1,4,0
15,1,1,3,0
15,1,1,2,0
15,1,1,1,0
15,1,2,12,0
15,1,2,11,0
15,1,2,10,0
15,1,2,9,0
15,1,2,8,0
15,1,2,7,0
15,1,2,6,0
15,1,2,5,0
15,1,2,4,0
15,1,2,3,0
15,1,2,2,0
15,1,2,1,0
15,1,3,12,0
15,1,3,11,0
15,1,3,10,0
15,1,3,9,0
15,1,3,8,0
15,1,3,7,0
15,1,3,6,0
15,1,3,5,0
15,1,3,4,0
15,1,3,3,0
15,1,3,2,0
15,1,3,1,0
15,1,4,12,0
15,1,4,11,0
15,1,4,10,0
15,1,4,9,0
15,1,4,8,0
15,1,4,7,0
15,1,4,6,0
15,1,4,5,0
15,1,4,4,0
15,1,4,3,0
15,1,4,2,0
15,1,4,1,0
15,1,5,12,0
15,1,5,11,0
15,1,5,10,0
15,1,5,9,0
15,1,5,8,0
15,1,5,7,0
15,1,5,6,0
15,1,5,5,0
15,1,5,4,0
15,1,5,3,0
15,1,5,2,0
15,1,5,1,0
15,1,6,12,0
15,1,6,11,0
15,1,6,10,0
15,1,6,9,0
15,1,6,8,0
15,1,6,7,0
15,1,6,6,0
15,1,6,5,0
15,1,6,4,0
15,1,6,3,0
15,1,6,2,0
15,1,6,1,0
20,1,1,12,0
20,1,1,11,0
20,1,1,10,0
20,1,1,9,0
20,1,1,8,0
20,1,1,7,0
20,1,1,6,0
20,1,1,5,0
20,1,1,4,0
20,1,1,3,0
20,1,1,2,0
20,1,1,1,0
20,1,2,12,0
20,1,2,11,0
20,1,2,10,0
20,1,2,9,0
20,1,2,8,0
20,1,2,7,0
20,1,2,6,0
20,1,2,5,0
20,1,2,4,0
20,1,2,3,0
20,1,2,2,0
20,1,2,1,0
20,1,3,12,0
20,1,3,11,0
20,1,3,10,0
20,1,3,9,0
20,1,3,8,0
20,1,3,7,0
20,1,3,6,0
20,1,3,5,0
20,1,3,4,0
20,1,3,3,0
20,1,3,2,0
20,1,3,1,0
20,1,4,12,0
20,1,4,11,0
20,1,4,10,0
20,1,4,9,0
20,1,4,8,0
20,1,4,7,0
20,1,4,6,0
20,1,4,5,0
20,1,4,4,0
20,1,4,3,0
20,1,4,2,0
20,1,4,1,0
20,1,5,12,0
20,1,5,11,0
20,1,5,10,0
20,1,5,9,0
20,1,5,8,0
20,1,5,7,0
20,1,5,6,0
20,1,5,5,0
20,1,5,4,0
20,1,5,3,0
20,1,5,2,0
20,1,5,1,0
20,1,6,12,0
20,1,6,11,0
20,1,6,10,0
20,1,6,9,0
20,1,6,8,0
20,1,6,7,0
20,1,6,6,0
20,1,6,5,0
20,1,6,4,0
20,1,6,3,0
20,1,6,2,0
20,1,6,1,0
25,1,1,12,0
25,1,1,11,-
25,1,1,10,0
25,1,1,9,-
25,1,1,8,-
25,1,1,7,0
25,1,1,6,0
25,1,1,5,0
25,1,1,4,0
25,1,1,3,0
25,1,1,2,0
25,1,1,1,0
25,1,2,12,0
25,1,2,11,0
25,1,2,10,0
25,1,2,9,0
25,1,2,8,0
25,1,2,7,0
25,1,2,6,0
25,1,2,5,0
25,1,2,4,0
25,1,2,3,0
25,1,2,2,0
25,1,2,1,0
25,1,3,12,0
25,1,3,11,0
25,1,3,10,0
25,1,3,9,0
25,1,3,8,0
25,1,3,7,0
25,1,3,6,0
25,1,3,5,0
25,1,3,4,0
25,1,3,3,0
25,1,3,2,0
25,1,3,1,0
25,1,4,12,0
25,1,4,11,0
25,1,4,10,0
25,1,4,9,0
25,1,4,8,0
25,1,4,7,0
25,1,4,6,0
25,1,4,5,0
25,1,4,4,0
25,1,4,3,0
25,1,4,2,0
25,1,4,1,0
25,1,5,12,0
25,1,5,11,0
25,1,5,10,0
25,1,5,9,-
25,1,5,8,0
25,1,5,7,0
25,1,5,6,0
25,1,5,5,0
25,1,5,4,0
25,1,5,3,0
25,1,5,2,0
25,1,5,1,0
25,1,6,12,0
25,1,6,11,0
25,1,6,10,0
25,1,6,9,0
25,1,6,8,-
25,1,6,7,0
25,1,6,6,0
25,1,6,5,0
25,1,6,4,0
25,1,6,3,0
25,1,6,2,0
25,1,6,1,0
28,1,1,12,0
28,1,1,11,0
28,1,1,10,0
28,1,1,9,0
28,1,1,8,0
28,1,1,7,0
28,1,1,6,0
28,1,1,5,0
28,1,1,4,0
28,1,1,3,0
28,1,1,2,0
28,1,1,1,0
28,1,2,12,0
28,1,2,11,0
28,1,2,10,0
28,1,2,9,0
28,1,2,8,0
28,1,2,7,0
28,1,2,6,0
28,1,2,5,0
28,1,2,4,0
28,1,2,3,0
28,1,2,2,0
28,1,2,1,0
28,1,3,12,0
28,1,3,11,0
28,1,3,10,0
28,1,3,9,0
28,1,3,8,0
28,1,3,7,0
28,1,3,6,0
28,1,3,5,0
28,1,3,4,0
28,1,3,3,0
28,1,3,2,0
28,1,3,1,0
28,1,4,12,0
28,1,4,11,0
28,1,4,10,0
28,1,4,9,0
28,1,4,8,0
28,1,4,7,0
28,1,4,6,0
28,1,4,5,0
28,1,4,4,0
28,1,4,3,0
28,1,4,2,0
28,1,4,1,0
28,1,5,12,0
28,1,5,11,0
28,1,5,10,0
28,1,5,9,0
28,1,5,8,0
28,1,5,7,0
28,1,5,6,0
28,1,5,5,0
28,1,5,4,0
28,1,5,3,0
28,1,5,2,0
28,1,5,1,0
28,1,6,12,0
28,1,6,11,0
28,1,6,10,0
28,1,6,9,0
28,1,6,8,0
28,1,6,7,0
28,1,6,6,0
28,1,6,5,0
28,1,6,4,0
28,1,6,3,0
28,1,6,2,0
28,1,6,1,0
30,1,1,12,1
30,1,1,11,1
30,1,1,10,1
30,1,1,9,1
30,1,1,8,1
30,1,1,7,1
30,1,1,6,1
30,1,1,5,1
30,1,1,4,1
30,1,1,3,1
30,1,1,2,1
30,1,1,1,1
30,1,2,12,1
30,1,2,11,1
30,1,2,10,1
30,1,2,9,1
30,1,2,8,1
30,1,2,7,1
30,1,2,6,1
30,1,2,5,1
30,1,2,4,1
30,1,2,3,1
30,1,2,2,1
30,1,2,1,1
30,1,3,12,1
30,1,3,11,1
30,1,3,10,1
30,1,3,9,1
30,1,3,8,1
30,1,3,7,1
30,1,3,6,1
30,1,3,5,1
30,1,3,4,1
30,1,3,3,1
30,1,3,2,1
30,1,3,1,1
30,1,4,12,1
30,1,4,11,1
30,1,4,10,1
30,1,4,9,1
30,1,4,8,1
30,1,4,7,1
30,1,4,6,1
30,1,4,5,1
30,1,4,4,1
30,1,4,3,1
30,1,4,2,1
30,1,4,1,1
30,1,5,12,1
30,1,5,11,1
30,1,5,10,1
30,1,5,9,1
30,1,5,8,1
30,1,5,7,1
30,1,5,6,1
30,1,5,5,1
30,1,5,4,1
30,1,5,3,1
30,1,5,2,1
30,1,5,1,1
30,1,6,12,1
30,1,6,11,1
30,1,6,10,1
30,1,6,9,1
30,1,6,8,1
30,1,6,7,1
30,1,6,6,1
30,1,6,5,1
30,1,6,4,1
30,1,6,3,1
30,1,6,2,1
30,1,6,1,1
33,1,1,12,1
33,1,1,11,1
33,1,1,10,1
33,1,1,9,1
33,1,1,8,1
33,1,1,7,1
33,1,1,6,1
33,1,1,5,1
33,1,1,4,1
33,1,1,3,1
33,1,1,2,1
33,1,1,1,1
33,1,2,12,1
33,1,2,11,1
33,1,2,10,1
33,1,2,9,1
33,1,2,8,1
33,1,2,7,1
33,1,2,6,1
33,1,2,5,1
33,1,2,4,1
33,1,2,3,1
33,1,2,2,1
33,1,2,1,1
33,1,3,12,1
33,1,3,11,1
33,1,3,10,1
33,1,3,9,1
33,1,3,8,1
33,1,3,7,1
33,1,3,6,1
33,1,3,5,1
33,1,3,4,1
33,1,3,3,1
33,1,3,2,1
33,1,3,1,1
33,1,4,12,1
33,1,4,11,1
33,1,4,10,1
33,1,4,9,1
33,1,4,8,1
33,1,4,7,1
33,1,4,6,1
33,1,4,5,1
33,1,4,4,1
33,1,4,3,1
33,1,4,2,1
33,1,4,1,1
33,1,5,12,1
33,1,5,11,1
33,1,5,10,1
33,1,5,9,1
33,1,5,8,1
33,1,5,7,1
33,1,5,6,1
33,1,5,5,1
33,1,5,4,1
33,1,5,3,1
33,1,5,2,1
33,1,5,1,1
33,1,6,12,1
33,1,6,11,1
33,1,6,10,1
33,1,6,9,1
33,1,6,8,1
33,1,6,7,1
33,1,6,6,1
33,1,6,5,1
33,1,6,4,1
33,1,6,3,1
33,1,6,2,1
33,1,6,1,1
35,1,1,12,1
35,1,1,11,1
35,1,1,10,1
35,1,1,9,1
35,1,1,8,1
35,1,1,7,1
35,1,1,6,1
35,1,1,5,1
35,1,1,4,1
35,1,1,3,1
35,1,1,2,1
35,1,1,1,1
35,1,2,12,1
35,1,2,11,1
35,1,2,10,1
35,1,2,9,1
35,1,2,8,1
35,1,2,7,1
35,1,2,6,1
35,1,2,5,1
35,1,2,4,1
35,1,2,3,1
35,1,2,2,1
35,1,2,1,1
35,1,3,12,1
35,1,3,11,1
35,1,3,10,1
35,1,3,9,1
35,1,3,8,1
35,1,3,7,1
35,1,3,6,1
35,1,3,5,1
35,1,3,4,1
35,1,3,3,1
35,1,3,2,1
35,1,3,1,1
35,1,4,12,1
35,1,4,11,1
35,1,4,10,1
35,1,4,9,1
35,1,4,8,1
35,1,4,7,1
35,1,4,6,1
35,1,4,5,1
35,1,4,4,1
35,1,4,3,1
35,1,4,2,1
35,1,4,1,1
35,1,5,12,1
35,1,5,11,1
35,1,5,10,1
35,1,5,9,1
35,1,5,8,1
35,1,5,7,1
35,1,5,6,1
35,1,5,5,1
35,1,5,4,1
35,1,5,3,1
35,1,5,2,1
35,1,5,1,1
35,1,6,12,1
35,1,6,11,1
35,1,6,10,1
35,1,6,9,1
35,1,6,8,1
35,1,6,7,1
35,1,6,6,1
35,1,6,5,1
35,1,6,4,1
35,1,6,3,1
35,1,6,2,1
35,1,6,1,1
37,1,1,12,1
37,1,1,11,1
37,1,1,10,1
37,1,1,9,1
37,1,1,8,1
37,1,1,7,1
37,1,1,6,1
37,1,1,5,1
37,1,1,4,1
37,1,1,3,1
37,1,1,2,1
37,1,1,1,1
37,1,2,12,1
37,1,2,11,1
37,1,2,10,1
37,1,2,9,1
37,1,2,8,1
37,1,2,7,1
37,1,2,6,1
37,1,2,5,1
37,1,2,4,1
37,1,2,3,1
37,1,2,2,1
37,1,2,1,1
37,1,3,12,1
37,1,3,11,1
37,1,3,10,1
37,1,3,9,1
37,1,3,8,1
37,1,3,7,1
37,1,3,6,1
37,1,3,5,1
37,1,3,4,1
37,1,3,3,1
37,1,3,2,1
37,1,3,1,1
37,1,4,12,1
37,1,4,11,1
37,1,4,10,1
37,1,4,9,1
37,1,4,8,1
37,1,4,7,1
37,1,4,6,1
37,1,4,5,1
37,1,4,4,1
37,1,4,3,1
37,1,4,2,1
37,1,4,1,1
37,1,5,12,1
37,1,5,11,1
37,1,5,10,1
37,1,5,9,1
37,1,5,8,1
37,1,5,7,1
37,1,5,6,1
37,1,5,5,1
37,1,5,4,1
37,1,5,3,1
37,1,5,2,1
37,1,5,1,1
37,1,6,12,1
37,1,6,11,1
37,1,6,10,1
37,1,6,9,1
37,1,6,8,1
37,1,6,7,1
37,1,6,6,1
37,1,6,5,1
37,1,6,4,1
37,1,6,3,1
37,1,6,2,1
37,1,6,1,1
15,2,1,12,0
15,2,1,11,0
15,2,1,10,0
15,2,1,9,0
15,2,1,8,0
15,2,1,7,0
15,2,1,6,0
15,2,1,5,0
15,2,1,4,0
15,2,1,3,0
15,2,1,2,0
15,2,1,1,0
15,2,2,12,0
15,2,2,11,0
15,2,2,10,0
15,2,2,9,0
15,2,2,8,0
15,2,2,7,0
15,2,2,6,0
15,2,2,5,0
15,2,2,4,0
15,2,2,3,0
15,2,2,2,0
15,2,2,1,0
15,2,3,12,0
15,2,3,11,0
15,2,3,10,0
15,2,3,9,0
15,2,3,8,0
15,2,3,7,0
15,2,3,6,0
15,2,3,5,0
15,2,3,4,0
15,2,3,3,0
15,2,3,2,0
15,2,3,1,0
15,2,4,12,0
15,2,4,11,0
15,2,4,10,0
15,2,4,9,0
15,2,4,8,0
15,2,4,7,0
15,2,4,6,0
15,2,4,5,0
15,2,4,4,0
15,2,4,3,0
15,2,4,2,0
15,2,4,1,0
15,2,5,12,0
15,2,5,11,0
15,2,5,10,0
15,2,5,9,0
15,2,5,8,0
15,2,5,7,0
15,2,5,6,0
15,2,5,5,0
15,2,5,4,0
15,2,5,3,0
15,2,5,2,0
15,2,5,1,0
15,2,6,12,0
15,2,6,11,0
15,2,6,10,0
15,2,6,9,0
15,2,6,8,0
15,2,6,7,0
15,2,6,6,0
15,2,6,5,0
15,2,6,4,0
15,2,6,3,0
15,2,6,2,0
15,2,6,1,0
20,2,1,12,0
20,2,1,11,0
20,2,1,10,0
20,2,1,9,0
20,2,1,8,0
20,2,1,7,0
20,2,1,6,0
20,2,1,5,0
20,2,1,4,0
20,2,1,3,0
20,2,1,2,0
20,2,1,1,0
20,2,2,12,0
20,2,2,11,0
20,2,2,10,0
20,2,2,9,0
20,2,2,8,0
20,2,2,7,0
20,2,2,6,0
20,2,2,5,0
20,2,2,4,0
20,2,2,3,0
20,2,2,2,0
20,2,2,1,0
20,2,3,12,0
20,2,3,11,0
20,2,3,10,0
20,2,3,9,0
20,2,3,8,0
20,2,3,7,0
20,2,3,6,0
20,2,3,5,0
20,2,3,4,-
20,2,3,3,0
20,2,3,2,0
20,2,3,1,0
20,2,4,12,0
20,2,4,11,0
20,2,4,10,0
20,2,4,9,0
20,2,4,8,0
20,2,4,7,0
20,2,4,6,0
20,2,4,5,0
20,2,4,4,0
20,2,4,3,0
20,2,4,2,0
20,2,4,1,0
20,2,5,12,0
20,2,5,11,0
20,2,5,10,0
20,2,5,9,0
20,2,5,8,0
20,2,5,7,0
20,2,5,6,0
20,2,5,5,0
20,2,5,4,0
20,2,5,3,0
20,2,5,2,0
20,2,5,1,0
20,2,6,12,0
20,2,6,11,0
20,2,6,10,0
20,2,6,9,0
20,2,6,8,-
20,2,6,7,0
20,2,6,6,0
20,2,6,5,0
20,2,6,4,-
20,2,6,3,0
20,2,6,2,0
20,2,6,1,0
25,2,1,12,0
25,2,1,11,-
25,2,1,10,-
25,2,1,9,0
25,2,1,8,0
25,2,1,7,-
25,2,1,6,0
25,2,1,5,0
25,2,1,4,0
25,2,1,3,0
25,2,1,2,0
25,2,1,1,-
25,2,2,12,0
25,2,2,11,0
25,2,2,10,0
25,2,2,9,0
25,2,2,8,0
25,2,2,7,0
25,2,2,6,0
25,2,2,5,0
25,2,2,4,0
25,2,2,3,0
25,2,2,2,0
25,2,2,1,-
25,2,3,12,1
25,2,3,11,0
25,2,3,10,0
25,2,3,9,0
25,2,3,8,0
25,2,3,7,0
25,2,3,6,0
25,2,3,5,0
25,2,3,4,0
25,2,3,3,0
25,2,3,2,0
25,2,3,1,1
25,2,4,12,0
25,2,4,11,0
25,2,4,10,-
25,2,4,9,0
25,2,4,8,-
25,2,4,7,0
25,2,4,6,0
25,2,4,5,0
25,2,4,4,-
25,2,4,3,0
25,2,4,2,0
25,2,4,1,0
25,2,5,12,0
25,2,5,11,0
25,2,5,10,0
25,2,5,9,0
25,2,5,8,0
25,2,5,7,0
25,2,5,6,0
25,2,5,5,0
25,2,5,4,0
25,2,5,3,0
25,2,5,2,0
25,2,5,1,0
25,2,6,12,0
25,2,6,11,0
25,2,6,10,0
25,2,6,9,0
25,2,6,8,0
25,2,6,7,0
25,2,6,6,0
25,2,6,5,0
25,2,6,4,0
25,2,6,3,0
25,2,6,2,0
25,2,6,1,0
28,2,1,12,0
28,2,1,11,1
28,2,1,10,1
28,2,1,9,0
28,2,1,8,0
28,2,1,7,0
28,2,1,6,0
28,2,1,5,0
28,2,1,4,-
28,2,1,3,0
28,2,1,2,0
28,2,1,1,-
28,2,2,12,1
28,2,2,11,-
28,2,2,10,0
28,2,2,9,0
28,2,2,8,0
28,2,2,7,-
28,2,2,6,0
28,2,2,5,0
28,2,2,4,0
28,2,2,3,0
28,2,2,2,0
28,2,2,1,-
28,2,3,12,0
28,2,3,11,0
28,2,3,10,0
28,2,3,9,0
28,2,3,8,0
28,2,3,7,0
28,2,3,6,0
28,2,3,5,0
28,2,3,4,0
28,2,3,3,0
28,2,3,2,0
28,2,3,1,0
28,2,4,12,0
28,2,4,11,0
28,2,4,10,-
28,2,4,9,0
28,2,4,8,0
28,2,4,7,0
28,2,4,6,0
28,2,4,5,0
28,2,4,4,0
28,2,4,3,0
28,2,4,2,0
28,2,4,1,0
28,2,5,12,0
28,2,5,11,0
28,2,5,10,0
28,2,5,9,0
28,2,5,8,0
28,2,5,7,0
28,2,5,6,0
28,2,5,5,0
28,2,5,4,0
28,2,5,3,0
28,2,5,2,0
28,2,5,1,0
28,2,6,12,0
28,2,6,11,0
28,2,6,10,0
28,2,6,9,0
28,2,6,8,0
28,2,6,7,0
28,2,6,6,0
28,2,6,5,0
28,2,6,4,0
28,2,6,3,0
28,2,6,2,0
28,2,6,1,0
30,2,1,12,0
30,2,1,11,0
30,2,1,10,0
30,2,1,9,0
30,2,1,8,0
30,2,1,7,0
30,2,1,6,0
30,2,1,5,0
30,2,1,4,0
30,2,1,3,0
30,2,1,2,0
30,2,1,1,0
30,2,2,12,0
30,2,2,11,0
30,2,2,10,0
30,2,2,9,0
30,2,2,8,0
30,2,2,7,0
30,2,2,6,0
30,2,2,5,0
30,2,2,4,0
30,2,2,3,1
30,2,2,2,0
30,2,2,1,0
30,2,3,12,1
30,2,3,11,1
30,2,3,10,1
30,2,3,9,0
30,2,3,8,1
30,2,3,7,1
30,2,3,6,1
30,2,3,5,1
30,2,3,4,1
30,2,3,3,1
30,2,3,2,1
30,2,3,1,1
30,2,4,12,0
30,2,4,11,0
30,2,4,10,0
30,2,4,9,0
30,2,4,8,0
30,2,4,7,0
30,2,4,6,0
30,2,4,5,0
30,2,4,4,0
30,2,4,3,0
30,2,4,2,0
30,2,4,1,0
30,2,5,12,0
30,2,5,11,0
30,2,5,10,0
30,2,5,9,0
30,2,5,8,1
30,2,5,7,-
30,2,5,6,0
30,2,5,5,0
30,2,5,4,0
30,2,5,3,0
30,2,5,2,0
30,2,5,1,0
30,2,6,12,0
30,2,6,11,0
30,2,6,10,0
30,2,6,9,0
30,2,6,8,0
30,2,6,7,0
30,2,6,6,0
30,2,6,5,0
30,2,6,4,0
30,2,6,3,0
30,2,6,2,0
30,2,6,1,0
33,2,1,12,-
33,2,1,11,-
33,2,1,10,1
33,2,1,9,-
33,2,1,8,1
33,2,1,7,-
33,2,1,6,1
33,2,1,5,-
33,2,1,4,1
33,2,1,3,1
33,2,1,2,1
33,2,1,1,1
33,2,2,12,1
33,2,2,11,1
33,2,2,10,1
33,2,2,9,1
33,2,2,8,1
33,2,2,7,1
33,2,2,6,1
33,2,2,5,1
33,2,2,4,1
33,2,2,3,1
33,2,2,2,1
33,2,2,1,1
33,2,3,12,1
33,2,3,11,1
33,2,3,10,1
33,2,3,9,1
33,2,3,8,1
33,2,3,7,-
33,2,3,6,1
33,2,3,5,-
33,2,3,4,1
33,2,3,3,1
33,2,3,2,1
33,2,3,1,1
33,2,4,12,1
33,2,4,11,1
33,2,4,10,1
33,2,4,9,1
33,2,4,8,1
33,2,4,7,1
33,2,4,6,1
33,2,4,5,1
33,2,4,4,1
33,2,4,3,1
33,2,4,2,1
33,2,4,1,1
33,2,5,12,1
33,2,5,11,1
33,2,5,10,1
33,2,5,9,1
33,2,5,8,1
33,2,5,7,1
33,2,5,6,1
33,2,5,5,1
33,2,5,4,1
33,2,5,3,1
33,2,5,2,1
33,2,5,1,1
33,2,6,12,1
33,2,6,11,1
33,2,6,10,1
33,2,6,9,1
33,2,6,8,1
33,2,6,7,1
33,2,6,6,-
33,2,6,5,1
33,2,6,4,1
33,2,6,3,1
33,2,6,2,1
33,2,6,1,1
35,2,1,12,1
35,2,1,11,1
35,2,1,10,1
35,2,1,9,1
35,2,1,8,1
35,2,1,7,1
35,2,1,6,1
35,2,1,5,1
35,2,1,4,1
35,2,1,3,1
35,2,1,2,1
35,2,1,1,1
35,2,2,12,1
35,2,2,11,1
35,2,2,10,1
35,2,2,9,1
35,2,2,8,1
35,2,2,7,1
35,2,2,6,1
35,2,2,5,1
35,2,2,4,1
35,2,2,3,1
35,2,2,2,1
35,2,2,1,1
35,2,3,12,1
35,2,3,11,1
35,2,3,10,1
35,2,3,9,1
35,2,3,8,1
35,2,3,7,1
35,2,3,6,1
35,2,3,5,1
35,2,3,4,1
35,2,3,3,1
35,2,3,2,1
35,2,3,1,1
35,2,4,12,1
35,2,4,11,1
35,2,4,10,1
35,2,4,9,1
35,2,4,8,1
35,2,4,7,1
35,2,4,6,1
35,2,4,5,1
35,2,4,4,1
35,2,4,3,1
35,2,4,2,1
35,2,4,1,1
35,2,5,12,1
35,2,5,11,1
35,2,5,10,1
35,2,5,9,1
35,2,5,8,1
35,2,5,7,1
35,2,5,6,1
35,2,5,5,1
35,2,5,4,0
35,2,5,3,1
35,2,5,2,1
35,2,5,1,1
35,2,6,12,1
35,2,6,11,1
35,2,6,10,1
35,2,6,9,1
35,2,6,8,1
35,2,6,7,1
35,2,6,6,1
35,2,6,5,1
35,2,6,4,1
35,2,6,3,1
35,2,6,2,1
35,2,6,1,1
37,2,1,12,1
37,2,1,11,1
37,2,1,10,1
37,2,1,9,1
37,2,1,8,1
37,2,1,7,1
37,2,1,6,1
37,2,1,5,1
37,2,1,4,1
37,2,1,3,1
37,2,1,2,1
37,2,1,1,1
37,2,2,12,1
37,2,2,11,1
37,2,2,10,1
37,2,2,9,1
37,2,2,8,1
37,2,2,7,1
37,2,2,6,1
37,2,2,5,1
37,2,2,4,1
37,2,2,3,1
37,2,2,2,1
37,2,2,1,1
37,2,3,12,1
37,2,3,11,1
37,2,3,10,1
37,2,3,9,1
37,2,3,8,1
37,2,3,7,1
37,2,3,6,1
37,2,3,5,1
37,2,3,4,1
37,2,3,3,1
37,2,3,2,1
37,2,3,1,1
37,2,4,12,1
37,2,4,11,1
37,2,4,10,1
37,2,4,9,1
37,2,4,8,1
37,2,4,7,1
37,2,4,6,1
37,2,4,5,1
37,2,4,4,1
37,2,4,3,1
37,2,4,2,1
37,2,4,1,1
37,2,5,12,1
37,2,5,11,1
37,2,5,10,1
37,2,5,9,1
37,2,5,8,1
37,2,5,7,1
37,2,5,6,1
37,2,5,5,1
37,2,5,4,1
37,2,5,3,1
37,2,5,2,1
37,2,5,1,1
37,2,6,12,1
37,2,6,11,1
37,2,6,10,1
37,2,6,9,1
37,2,6,8,1
37,2,6,7,1
37,2,6,6,1
37,2,6,5,1
37,2,6,4,1
37,2,6,3,1
37,2,6,2,1
37,2,6,1,1
15,3,1,12,0
15,3,1,11,0
15,3,1,10,0
15,3,1,9,0
15,3,1,8,0
15,3,1,7,0
15,3,1,6,0
15,3,1,5,0
15,3,1,4,0
15,3,1,3,1
15,3,1,2,0
15,3,1,1,0
15,3,2,12,0
15,3,2,11,0
15,3,2,10,0
15,3,2,9,0
15,3,2,8,0
15,3,2,7,0
15,3,2,6,0
15,3,2,5,0
15,3,2,4,0
15,3,2,3,0
15,3,2,2,0
15,3,2,1,0
15,3,3,12,0
15,3,3,11,0
15,3,3,10,0
15,3,3,9,0
15,3,3,8,0
15,3,3,7,0
15,3,3,6,0
15,3,3,5,0
15,3,3,4,0
15,3,3,3,0
15,3,3,2,0
15,3,3,1,-
15,3,4,12,-
15,3,4,11,0
15,3,4,10,0
15,3,4,9,-
15,3,4,8,0
15,3,4,7,0
15,3,4,6,0
15,3,4,5,0
15,3,4,4,0
15,3,4,3,-
15,3,4,2,0
15,3,4,1,-
15,3,5,12,0
15,3,5,11,0
15,3,5,10,0
15,3,5,9,0
15,3,5,8,0
15,3,5,7,0
15,3,5,6,0
15,3,5,5,0
15,3,5,4,0
15,3,5,3,0
15,3,5,2,0
15,3,5,1,0
15,3,6,12,0
15,3,6,11,0
15,3,6,10,0
15,3,6,9,0
15,3,6,8,0
15,3,6,7,0
15,3,6,6,0
15,3,6,5,0
15,3,6,4,0
15,3,6,3,0
15,3,6,2,0
15,3,6,1,0
20,3,1,12,-
20,3,1,11,0
20,3,1,10,0
20,3,1,9,0
20,3,1,8,0
20,3,1,7,0
20,3,1,6,0
20,3,1,5,0
20,3,1,4,0
20,3,1,3,0
20,3,1,2,0
20,3,1,1,0
20,3,2,12,0
20,3,2,11,0
20,3,2,10,0
20,3,2,9,0
20,3,2,8,0
20,3,2,7,0
20,3,2,6,0
20,3,2,5,0
20,3,2,4,0
20,3,2,3,0
20,3,2,2,0
20,3,2,1,0
20,3,3,12,0
20,3,3,11,0
20,3,3,10,0
20,3,3,9,0
20,3,3,8,0
20,3,3,7,0
20,3,3,6,0
20,3,3,5,0
20,3,3,4,0
20,3,3,3,0
20,3,3,2,0
20,3,3,1,0
20,3,4,12,0
20,3,4,11,0
20,3,4,10,0
20,3,4,9,0
20,3,4,8,0
20,3,4,7,0
20,3,4,6,0
20,3,4,5,0
20,3,4,4,0
20,3,4,3,0
20,3,4,2,0
20,3,4,1,0
20,3,5,12,0
20,3,5,11,0
20,3,5,10,0
20,3,5,9,0
20,3,5,8,0
20,3,5,7,0
20,3,5,6,0
20,3,5,5,0
20,3,5,4,0
20,3,5,3,0
20,3,5,2,0
20,3,5,1,0
20,3,6,12,0
20,3,6,11,0
20,3,6,10,0
20,3,6,9,0
20,3,6,8,0
20,3,6,7,0
20,3,6,6,0
20,3,6,5,0
20,3,6,4,0
20,3,6,3,0
20,3,6,2,0
20,3,6,1,0
25,3,1,12,1
25,3,1,11,1
25,3,1,10,1
25,3,1,9,0
25,3,1,8,1
25,3,1,7,0
25,3,1,6,0
25,3,1,5,1
25,3,1,4,1
25,3,1,3,0
25,3,1,2,0
25,3,1,1,-
25,3,2,12,0
25,3,2,11,0
25,3,2,10,1
25,3,2,9,0
25,3,2,8,0
25,3,2,7,1
25,3,2,6,0
25,3,2,5,0
25,3,2,4,0
25,3,2,3,0
25,3,2,2,0
25,3,2,1,0
25,3,3,12,0
25,3,3,11,1
25,3,3,10,0
25,3,3,9,0
25,3,3,8,0
25,3,3,7,0
25,3,3,6,1
25,3,3,5,0
25,3,3,4,0
25,3,3,3,0
25,3,3,2,0
25,3,3,1,0
25,3,4,12,0
25,3,4,11,0
25,3,4,10,1
25,3,4,9,1
25,3,4,8,0
25,3,4,7,1
25,3,4,6,0
25,3,4,5,-
25,3,4,4,-
25,3,4,3,0
25,3,4,2,0
25,3,4,1,-
25,3,5,12,0
25,3,5,11,-
25,3,5,10,0
25,3,5,9,0
25,3,5,8,0
25,3,5,7,1
25,3,5,6,-
25,3,5,5,1
25,3,5,4,1
25,3,5,3,0
25,3,5,2,1
25,3,5,1,0
25,3,6,12,0
25,3,6,11,0
25,3,6,10,0
25,3,6,9,1
25,3,6,8,0
25,3,6,7,0
25,3,6,6,0
25,3,6,5,1
25,3,6,4,0
25,3,6,3,0
25,3,6,2,0
25,3,6,1,0
28,3,1,12,1
28,3,1,11,0
28,3,1,10,0
28,3,1,9,0
28,3,1,8,0
28,3,1,7,0
28,3,1,6,0
28,3,1,5,0
28,3,1,4,1
28,3,1,3,0
28,3,1,2,0
28,3,1,1,0
28,3,2,12,0
28,3,2,11,1
28,3,2,10,0
28,3,2,9,1
28,3,2,8,1
28,3,2,7,1
28,3,2,6,1
28,3,2,5,1
28,3,2,4,1
28,3,2,3,1
28,3,2,2,0
28,3,2,1,1
28,3,3,12,0
28,3,3,11,0
28,3,3,10,1
28,3,3,9,1
28,3,3,8,-
28,3,3,7,0
28,3,3,6,-
28,3,3,5,1
28,3,3,4,0
28,3,3,3,-
28,3,3,2,1
28,3,3,1,0
28,3,4,12,1
28,3,4,11,0
28,3,4,10,1
28,3,4,9,0
28,3,4,8,1
28,3,4,7,1
28,3,4,6,1
28,3,4,5,0
28,3,4,4,1
28,3,4,3,0
28,3,4,2,1
28,3,4,1,0
28,3,5,12,0
28,3,5,11,1
28,3,5,10,0
28,3,5,9,-
28,3,5,8,-
28,3,5,7,1
28,3,5,6,-
28,3,5,5,0
28,3,5,4,-
28,3,5,3,-
28,3,5,2,-
28,3,5,1,1
28,3,6,12,1
28,3,6,11,1
28,3,6,10,1
28,3,6,9,0
28,3,6,8,1
28,3,6,7,1
28,3,6,6,-
28,3,6,5,0
28,3,6,4,-
28,3,6,3,-
28,3,6,2,-
28,3,6,1,1
30,3,1,12,1
30,3,1,11,0
30,3,1,10,1
30,3,1,9,1
30,3,1,8,1
30,3,1,7,1
30,3,1,6,1
30,3,1,5,1
30,3,1,4,1
30,3,1,3,1
30,3,1,2,1
30,3,1,1,1
30,3,2,12,0
30,3,2,11,-
30,3,2,10,1
30,3,2,9,1
30,3,2,8,1
30,3,2,7,1
30,3,2,6,-
30,3,2,5,1
30,3,2,4,1
30,3,2,3,1
30,3,2,2,1
30,3,2,1,1
30,3,3,12,1
30,3,3,11,1
30,3,3,10,-
30,3,3,9,-
30,3,3,8,1
30,3,3,7,-
30,3,3,6,1
30,3,3,5,-
30,3,3,4,-
30,3,3,3,1
30,3,3,2,1
30,3,3,1,1
30,3,4,12,0
30,3,4,11,1
30,3,4,10,1
30,3,4,9,1
30,3,4,8,1
30,3,4,7,-
30,3,4,6,1
30,3,4,5,1
30,3,4,4,1
30,3,4,3,1
30,3,4,2,1
30,3,4,1,1
30,3,5,12,0
30,3,5,11,1
30,3,5,10,1
30,3,5,9,1
30,3,5,8,0
30,3,5,7,1
30,3,5,6,-
30,3,5,5,1
30,3,5,4,1
30,3,5,3,1
30,3,5,2,1
30,3,5,1,1
30,3,6,12,-
30,3,6,11,-
30,3,6,10,-
30,3,6,9,-
30,3,6,8,-
30,3,6,7,-
30,3,6,6,-
30,3,6,5,-
30,3,6,4,-
30,3,6,3,-
30,3,6,2,-
30,3,6,1,-
33,3,1,12,1
33,3,1,11,1
33,3,1,10,1
33,3,1,9,1
33,3,1,8,1
33,3,1,7,1
33,3,1,6,1
33,3,1,5,1
33,3,1,4,1
33,3,1,3,1
33,3,1,2,1
33,3,1,1,1
33,3,2,12,1
33,3,2,11,1
33,3,2,10,1
33,3,2,9,1
33,3,2,8,1
33,3,2,7,1
33,3,2,6,1
33,3,2,5,1
33,3,2,4,1
33,3,2,3,1
33,3,2,2,1
33,3,2,1,1
33,3,3,12,1
33,3,3,11,1
33,3,3,10,1
33,3,3,9,1
33,3,3,8,1
33,3,3,7,1
33,3,3,6,1
33,3,3,5,1
33,3,3,4,1
33,3,3,3,1
33,3,3,2,1
33,3,3,1,1
33,3,4,12,1
33,3,4,11,1
33,3,4,10,1
33,3,4,9,1
33,3,4,8,1
33,3,4,7,1
33,3,4,6,1
33,3,4,5,1
33,3,4,4,1
33,3,4,3,1
33,3,4,2,1
33,3,4,1,1
33,3,5,12,1
33,3,5,11,1
33,3,5,10,1
33,3,5,9,1
33,3,5,8,1
33,3,5,7,1
33,3,5,6,1
33,3,5,5,1
33,3,5,4,1
33,3,5,3,1
33,3,5,2,1
33,3,5,1,1
33,3,6,12,1
33,3,6,11,1
33,3,6,10,1
33,3,6,9,1
33,3,6,8,1
33,3,6,7,1
33,3,6,6,1
33,3,6,5,1
33,3,6,4,1
33,3,6,3,1
33,3,6,2,1
33,3,6,1,1
35,3,1,12,1
35,3,1,11,1
35,3,1,10,1
35,3,1,9,1
35,3,1,8,1
35,3,1,7,1
35,3,1,6,1
35,3,1,5,1
35,3,1,4,1
35,3,1,3,1
35,3,1,2,1
35,3,1,1,1
35,3,2,12,1
35,3,2,11,1
35,3,2,10,1
35,3,2,9,1
35,3,2,8,1
35,3,2,7,1
35,3,2,6,1
35,3,2,5,1
35,3,2,4,1
35,3,2,3,1
35,3,2,2,1
35,3,2,1,1
35,3,3,12,1
35,3,3,11,1
35,3,3,10,1
35,3,3,9,1
35,3,3,8,1
35,3,3,7,1
35,3,3,6,1
35,3,3,5,1
35,3,3,4,1
35,3,3,3,1
35,3,3,2,1
35,3,3,1,1
35,3,4,12,1
35,3,4,11,1
35,3,4,10,1
35,3,4,9,1
35,3,4,8,1
35,3,4,7,1
35,3,4,6,1
35,3,4,5,1
35,3,4,4,-
35,3,4,3,1
35,3,4,2,1
35,3,4,1,1
35,3,5,12,1
35,3,5,11,1
35,3,5,10,1
35,3,5,9,1
35,3,5,8,1
35,3,5,7,1
35,3,5,6,1
35,3,5,5,1
35,3,5,4,1
35,3,5,3,1
35,3,5,2,1
35,3,5,1,1
35,3,6,12,1
35,3,6,11,1
35,3,6,10,1
35,3,6,9,1
35,3,6,8,1
35,3,6,7,1
35,3,6,6,1
35,3,6,5,1
35,3,6,4,1
35,3,6,3,1
35,3,6,2,1
35,3,6,1,1
37,3,1,12,-
37,3,1,11,-
37,3,1,10,-
37,3,1,9,-
37,3,1,8,-
37,3,1,7,-
37,3,1,6,-
37,3,1,5,-
37,3,1,4,-
37,3,1,3,-
37,3,1,2,-
37,3,1,1,-
37,3,2,12,-
37,3,2,11,-
37,3,2,10,-
37,3,2,9,-
37,3,2,8,-
37,3,2,7,-
37,3,2,6,-
37,3,2,5,-
37,3,2,4,-
37,3,2,3,-
37,3,2,2,-
37,3,2,1,-
37,3,3,12,-
37,3,3,11,-
37,3,3,10,-
37,3,3,9,-
37,3,3,8,-
37,3,3,7,-
37,3,3,6,-
37,3,3,5,-
37,3,3,4,-
37,3,3,3,-
37,3,3,2,-
37,3,3,1,-
37,3,4,12,-
37,3,4,11,-
37,3,4,10,-
37,3,4,9,-
37,3,4,8,-
37,3,4,7,-
37,3,4,6,-
37,3,4,5,-
37,3,4,4,-
37,3,4,3,-
37,3,4,2,-
37,3,4,1,-
37,3,5,12,-
37,3,5,11,-
37,3,5,10,-
37,3,5,9,-
37,3,5,8,-
37,3,5,7,-
37,3,5,6,-
37,3,5,5,-
37,3,5,4,-
37,3,5,3,-
37,3,5,2,-
37,3,5,1,-
37,3,6,12,-
37,3,6,11,-
37,3,6,10,-
37,3,6,9,-
37,3,6,8,-
37,3,6,7,-
37,3,6,6,-
37,3,6,5,-
37,3,6,4,-
37,3,6,3,-
37,3,6,2,-
37,3,6,1,-
inoc,0,1,12,1
inoc,0,1,11,1
inoc,0,1,10,1
inoc,0,1,9,1
inoc,0,1,8,1
inoc,0,1,7,1
inoc,0,1,6,1
inoc,0,1,5,1
inoc,0,1,4,1
inoc,0,1,3,1
inoc,0,1,2,1
inoc,0,1,1,1